{"schemaVersion":"1.0","appDefinitionTemplate":{"id":"/providers/Microsoft.PowerApps/apps/","type":"Microsoft.PowerApps/apps","tags":{"primaryDeviceWidth":"1366","primaryDeviceHeight":"768","supportsPortrait":"true","supportsLandscape":"true","primaryFormFactor":"Tablet","showStatusBar":"false","publisherVersion":"3.23122.17","minimumRequiredApiVersion":"2.2.0","hasComponent":"false","hasUnlockedComponent":"false","isUnifiedRootApp":"false","offlineLargeFilesSupport":"false","sienaVersion":"20240108T073307Z-3.23122.17.0"},"properties":{"appVersion":"2024-01-08T07:33:07Z","lifeCycleId":"Published","createdByClientVersion":{"major":3,"minor":23122,"build":17,"revision":0,"majorRevision":0,"minorRevision":0},"minClientVersion":{"major":3,"minor":23122,"build":17,"revision":0,"majorRevision":0,"minorRevision":0},"backgroundColor":"RGBA(0,176,240,1)","backgroundImageUri":"/5708162285698514984/N32a82431-7220-4807-80ed-b3330b1d6eb4-logoSmallFile","displayName":"Contoso Coffee Machines","description":"","commitMessage":"","appUris":{"documentUri":{"value":"/5708162285698514984/N567ddd9f-b0f1-4128-9994-091d1b134436-document.msapp"},"imageUris":[],"additionalUris":[{"isSolutionAware":false,"value":"/5708162285698514984/N9f478ad7-c267-4266-8650-ad94c8a8fceb-identity.json"}]},"createdTime":"0001-01-01T00:00:00Z","lastModifiedTime":"0001-01-01T00:00:00Z","sharedGroupsCount":0,"sharedUsersCount":0,"connectionReferences":{"c5cb1562-5622-450c-8570-d964f13df3f5":{"id":"f8eea433-f20e-4fc9-b09f-2eca745c990c","displayName":"Excel","iconUri":"https://connectoricons-prod.azureedge.net/releases/v1.0.1667/1.0.1667.3504/excel/icon.png","dataSources":["CoffeeMachines"],"dependencies":["2885062e-f828-41d3-ab72-77c9a6a65f78"],"dependents":[],"parameterHints":{"2885062e-f828-41d3-ab72-77c9a6a65f78":{"value":"fileSource"}},"parameterHintsV2":{"fileSource":{"value":"2885062e-f828-41d3-ab72-77c9a6a65f78"}},"isOnPremiseConnection":false,"bypassConsent":false,"dataSets":{"b!_3cl6FvwYEmfAMuGLW3LX1OcL2XFxuVEsH-G3PpDvsKgetWRE71EQaCmH-Ze7Udy.01NXOH52NNLPU2GZEWKBDZJ6XE52WBBBBB":{"dataSources":{"CoffeeMachines":{"tableName":"CoffeeMachines"}}}},"apiTier":"Standard","isCustomApiConnection":false,"actions":["providers/PowerPlatform.Governance/Operations/Read","providers/PowerPlatform.Governance/Operations/Write","providers/PowerPlatform.Governance/Operations/Delete"]},"2885062e-f828-41d3-ab72-77c9a6a65f78":{"id":"fb699e66-a65b-457e-b489-45d43942b370","displayName":"OneDrive for Business","iconUri":"https://connectoricons-prod.azureedge.net/releases/v1.0.1669/1.0.1669.3522/onedriveforbusiness/icon.png","dataSources":[],"dependencies":[],"dependents":["c5cb1562-5622-450c-8570-d964f13df3f5"],"parameterHints":{},"parameterHintsV2":{},"isOnPremiseConnection":false,"bypassConsent":false,"dataSets":{},"apiTier":"Standard","isCustomApiConnection":false}},"databaseReferences":{},"almMode":"Environment","performanceOptimizationEnabled":true,"canConsumeAppPass":true,"enableModernRuntimeMode":false,"executionRestrictions":{"isTeamsOnly":false,"dataLossPreventionEvaluationResult":{"status":"Compliant","lastEvaluationDate":"2024-01-08T06:58:23.8679363Z","violations":[],"violationsByPolicy":[],"violationErrorMessage":"The app uses the following connectors: shared_excel, shared_onedriveforbusiness."}}},"appType":"ClassicCanvasApp","appComponents":[]}}